31,mmr_polbnda_adm3_250k_mimu_1.76,Kachin,MMR001,Myitkyina,MMR001D001,Waingmaw,MMR001002,ဝိုင်းမော်,22860,221,74088,2025-05-21 10:27:04.03221+00,2025-06-24 21:40:03.960375+00,{},56,0,237
62,mmr_polbnda_adm3_250k_mimu_1.108,Magway,MMR009,Minbu,MMR009D002,Salin,MMR009010,စလင်း,55605,1528,160643,2025-05-21 10:27:04.03221+00,2025-06-24 21:40:03.960375+00,{},29,3,1617
76,mmr_polbnda_adm3_250k_mimu_1.52,Bago (West),MMR111,Thayarwady,MMR008D002,Okpho,MMR008010,အုတ်ဖို,31894,1356,87648,2025-05-21 10:27:04.03221+00,2025-06-24 21:40:03.960375+00,{},39,1,1581
115,mmr_polbnda_adm3_250k_mimu_1.172,Rakhine,MMR012,Maungdaw,MMR012D002,Maungdaw,MMR012009,မောင်တော,7896,120,25251,2025-05-21 10:27:04.03221+00,2025-06-24 21:40:03.960375+00,{},16,0,133
117,mmr_polbnda_adm3_250k_mimu_1.174,Rakhine,MMR012,Mrauk-U,MMR012D005,Minbya,MMR012005,မင်းပြား,36628,130,100936,2025-05-21 10:27:04.03221+00,2025-06-24 21:40:03.960375+00,{},36,0,140
120,mmr_polbnda_adm3_250k_mimu_1.176,Rakhine,MMR012,Mrauk-U,MMR012D005,Myebon,MMR012006,မြေပုံ,31339,170,81900,2025-05-21 10:27:04.03221+00,2025-06-24 21:40:03.960375+00,{},0,0,178
168,mmr_polbnda_adm3_250k_mimu_1.125,Mandalay,MMR010,Mandalay,MMR010D001,Amarapura,MMR010006,အမရပူရ,49626,17391,164248,2025-05-21 10:27:04.03221+00,2025-06-24 21:40:03.960375+00,{},445,1212,19238
177,mmr_polbnda_adm3_250k_mimu_1.249,Shan (North),MMR222,Mongmit,MMR015D003,Mongmit,MMR015017,မိုးမိတ်,13652,157,40874,2025-05-21 10:27:04.03221+00,2025-06-24 21:40:03.960375+00,{},2,2,160
204,mmr_polbnda_adm3_250k_mimu_1.158,Mon,MMR011,Thaton,MMR011D002,Thaton,MMR011007,သထုံ,48284,5309,144925,2025-05-21 10:27:04.03221+00,2025-06-24 21:40:03.960375+00,{},249,539,5560
223,mmr_polbnda_adm3_250k_mimu_1.192,Sagaing,MMR005,Katha,MMR005D004,Indaw,MMR005021,အင်းတော်,23230,259,74202,2025-05-21 10:27:04.03221+00,2025-06-24 21:40:03.960375+00,{},44,35,277
232,mmr_polbnda_adm3_250k_mimu_1.201,Sagaing,MMR005,Monywa,MMR005D003,Budalin,MMR005013,ဘုတလင်,28616,596,84052,2025-05-21 10:27:04.03221+00,2025-06-24 21:40:03.960375+00,{},6,6,628
276,mmr_polbnda_adm3_250k_mimu_1.268,Shan (South),MMR222,Pa-O Self-Administered Zone,MMR014D001,Hopong,MMR014003,ဟိုပုံး,24728,220,68188,2025-05-21 10:27:04.03221+00,2025-06-24 21:40:03.960375+00,{},45,6,228
281,mmr_polbnda_adm3_250k_mimu_1.273,Shan (South),MMR222,Taunggyi,MMR014D001,Nyaungshwe,MMR014002,ညောင်ရွှေ,42634,1094,125577,2025-05-21 10:27:04.03221+00,2025-06-24 21:40:03.960375+00,{},53,39,1168
282,mmr_polbnda_adm3_250k_mimu_1.274,Shan (South),MMR222,Taunggyi,MMR014D001,Pekon,MMR014010,ဖယ်ခုံ,20084,384,57656,2025-05-21 10:27:04.03221+00,2025-06-24 21:40:03.960375+00,{},0,0,423
287,mmr_polbnda_adm3_250k_mimu_1.279,Tanintharyi,MMR006,Dawei,MMR006D001,Yebyu,MMR006004,ရေဖြူ,26350,386,74375,2025-05-21 10:27:04.03221+00,2025-06-24 21:40:03.960375+00,{},1,0,405
297,mmr_polbnda_adm3_250k_mimu_1.292,Yangon,MMR013,Yangon (East),MMR013D002,Mingalartaungnyunt,MMR013022,မင်္ဂလာတောင်ညွန့်,25918,25320,99009,2025-05-21 10:27:04.03221+00,2025-06-24 21:40:03.960375+00,{},231,1451,26667
324,mmr_polbnda_adm3_250k_mimu_1.321,Yangon,MMR013,Yangon (West),MMR013D004,Dagon,MMR013043,ဒဂုံ,4608,7902,19529,2025-05-21 10:27:04.03221+00,2025-06-24 21:40:03.960375+00,{},100,317,8163
328,mmr_polbnda_adm3_250k_mimu_1.325,Yangon,MMR013,Yangon (West),MMR013D004,Kyeemyindaing,MMR013038,ကြည့်မြင်တိုင်,23062,18288,81003,2025-05-21 10:27:04.03221+00,2025-06-24 21:40:03.960375+00,{},245,609,18774
330,mmr_polbnda_adm3_250k_mimu_1.330,Yangon,MMR013,Yangon (West),MMR013D004,Sanchaung,MMR013039,စမ်းချောင်း,20635,29355,79386,2025-05-21 10:27:04.03221+00,2025-06-24 21:40:03.960375+00,{},421,1296,30283
19,mmr_polbnda_adm3_250k_mimu_1.19,Ayeyarwady,MMR017,Pathein,MMR017D001,Ngapudaw,MMR017004,ငပုတော,76652,1903,209671,2025-05-21 10:27:04.03221+00,2025-06-24 21:40:03.960375+00,{},82,3,1957
225,mmr_polbnda_adm3_250k_mimu_1.194,Sagaing,MMR005,Katha,MMR005D004,Tigyaing,MMR005022,ထီးချိုင့်,26389,219,83040,2025-05-21 10:27:04.03221+00,2025-06-24 21:40:03.960375+00,{},119,118,244
313,mmr_polbnda_adm3_250k_mimu_1.308,Yangon,MMR013,Yangon (North),MMR013D001,Taikkyi,MMR013005,တိုက်ကြီး,66999,10395,183232,2025-05-21 10:27:04.03221+00,2025-06-24 21:40:03.960375+00,{},248,365,10961
72,mmr_polbnda_adm3_250k_mimu_1.127,Mandalay,MMR010,Mandalay,MMR010D001,Chanayethazan,MMR010002,ချမ်းအေးသာစံ,33281,23628,149352,2025-05-21 10:27:04.03221+00,2025-06-24 21:40:03.960375+00,{},695,3125,25819
13,mmr_polbnda_adm3_250k_mimu_1.13,Ayeyarwady,MMR017,Myaungmya,MMR017D003,Einme,MMR017015,အိမ်မဲ,46455,2242,124102,2025-05-21 10:27:04.03221+00,2025-06-24 21:40:03.960375+00,{},77,86,2322
34,mmr_polbnda_adm3_250k_mimu_1.79,Kachin,MMR001,Puta-O,MMR001D004,Nawngmun,MMR001017,နောင်မွန်း,1212,6,3856,2025-05-21 10:27:04.03221+00,2025-06-24 21:40:03.960375+00,{},0,0,7
61,mmr_polbnda_adm3_250k_mimu_1.107,Magway,MMR009,Minbu,MMR009D002,Pwintbyu,MMR009008,ပွင့်ဖြူ,39764,1102,111778,2025-05-21 10:27:04.03221+00,2025-06-24 21:40:03.960375+00,{},58,1,1227
85,mmr_polbnda_adm3_250k_mimu_1.58,Chin,MMR004,Hakha,MMR004D003,Hakha,MMR004002,ဟားခါး,9917,373,28602,2025-05-21 10:27:04.03221+00,2025-06-24 21:40:03.960375+00,{},86,119,387
94,mmr_polbnda_adm3_250k_mimu_1.67,Kachin,MMR001,Bhamo,MMR001D003,Shwegu,MMR001011,ရွှေကူ,16621,121,57860,2025-05-21 10:27:04.03221+00,2025-06-24 21:40:03.960375+00,{},0,0,127
100,mmr_polbnda_adm3_250k_mimu_1.73,Kachin,MMR001,Myitkyina,MMR001D001,Myitkyina,MMR001001,မြစ်ကြီးနား,52591,4429,202120,2025-05-21 10:27:04.03221+00,2025-06-24 21:40:03.960375+00,{},259,207,4529
139,mmr_polbnda_adm3_250k_mimu_1.216,Sagaing,MMR005,Tamu,MMR005D006,Tamu,MMR005030,တမူး,22591,764,67506,2025-05-21 10:27:04.03221+00,2025-06-24 21:40:03.960375+00,{},108,134,776
144,mmr_polbnda_adm3_250k_mimu_1.111,Magway,MMR009,Pakokku,MMR009D004,Pakokku,MMR009018,ပခုက္ကူ,66340,14933,198890,2025-05-21 10:27:04.03221+00,2025-06-24 21:40:03.960375+00,{},245,448,16259
149,mmr_polbnda_adm3_250k_mimu_1.228,Shan (East),MMR222,Tachileik,MMR016D004,Monghpyak,MMR016010,မိုင်းဖြတ်,6165,24,18589,2025-05-21 10:27:04.03221+00,2025-06-24 21:40:03.960375+00,{},1,1,27
153,mmr_polbnda_adm3_250k_mimu_1.116,Magway,MMR009,Thayet,MMR009D003,Kamma,MMR009015,ကံမ,19143,587,55434,2025-05-21 10:27:04.03221+00,2025-06-24 21:40:03.960375+00,{},0,0,651
160,mmr_polbnda_adm3_250k_mimu_1.243,Shan (North),MMR222,Lashio,MMR015D001,Mongyai,MMR015003,မိုင်းရယ်,13328,63,37434,2025-05-21 10:27:04.03221+00,2025-06-24 21:40:03.960375+00,{},0,0,64
163,mmr_polbnda_adm3_250k_mimu_1.121,Mandalay,MMR010,Kyaukse,MMR010D003,Kyaukse,MMR010013,ကျောက်ဆည်,57765,7883,175783,2025-05-21 10:27:04.03221+00,2025-06-24 21:40:03.960375+00,{},230,459,8605
180,mmr_polbnda_adm3_250k_mimu_1.252,Shan (North),MMR222,Muse,MMR015D002,Namhkan,MMR015010,နမ့်ခမ်း,21417,188,67723,2025-05-21 10:27:04.03221+00,2025-06-24 21:40:03.960375+00,{},0,0,204
226,mmr_polbnda_adm3_250k_mimu_1.195,Sagaing,MMR005,Kawlin,MMR005D004,Kawlin,MMR005024,ကောလင်း,31403,284,98469,2025-05-21 10:27:04.03221+00,2025-06-24 21:40:03.960375+00,{},71,169,297
252,mmr_polbnda_adm3_250k_mimu_1.225,Shan (East),MMR222,Kengtung,MMR016D001,Mongyang,MMR016003,မိုင်းယန်း,19404,33,67568,2025-05-21 10:27:04.03221+00,2025-06-24 21:40:03.960375+00,{},0,0,34
285,mmr_polbnda_adm3_250k_mimu_1.277,Tanintharyi,MMR006,Dawei,MMR006D001,Launglon,MMR006002,လောင်းလုံး,25735,802,71659,2025-05-21 10:27:04.03221+00,2025-06-24 21:40:03.960375+00,{},11,0,866
294,mmr_polbnda_adm3_250k_mimu_1.290,Yangon,MMR013,Yangon (East),MMR013D002,Dagon Myothit (South),MMR013018,ဒဂုံမြို့သစ် (တောင်ပိုင်း),76984,7902,258163,2025-05-21 10:27:04.03221+00,2025-06-24 21:40:03.960375+00,{},539,1617,69
298,mmr_polbnda_adm3_250k_mimu_1.293,Yangon,MMR013,Yangon (East),MMR013D002,North Okkalapa,MMR013012,မြောက်ဥက္ကလာပ,64756,9218,244948,2025-05-21 10:27:04.03221+00,2025-06-24 21:40:03.960375+00,{},642,1527,9150
8,mmr_polbnda_adm3_250k_mimu_1.8,Ayeyarwady,MMR017,Labutta,MMR017D004,Mawlamyinegyun,MMR017018,မော်လမြိုင်ကျွန်း,74886,1389,199549,2025-05-21 10:27:04.03221+00,2025-06-24 21:40:03.960375+00,{},90,11,1446
18,mmr_polbnda_adm3_250k_mimu_1.18,Ayeyarwady,MMR017,Pathein,MMR017D001,Kyonpyaw,MMR017005,ကျုံပျော်,59488,10180,154582,2025-05-21 10:27:04.03221+00,2025-06-24 21:40:03.960375+00,{},291,601,10371
39,mmr_polbnda_adm3_250k_mimu_1.32,Bago (East),MMR111,Bago,MMR007D001,Shwegyin,MMR007008,ရွှေကျင်,21782,731,64582,2025-05-21 10:27:04.03221+00,2025-06-24 21:40:03.960375+00,{},25,16,794
50,mmr_polbnda_adm3_250k_mimu_1.328,Yangon,MMR013,Yangon (West),MMR013D004,Mayangone,MMR013042,မရမ်းကုန်း,38807,35774,148864,2025-05-21 10:27:04.03221+00,2025-06-24 21:40:03.960375+00,{},630,1638,37182
79,mmr_polbnda_adm3_250k_mimu_1.151,Mon,MMR011,Mawlamyine,MMR011D001,Mawlamyine,MMR011001,မော်လမြိုင်,57457,15541,198729,2025-05-21 10:27:04.03221+00,2025-06-24 21:40:03.960375+00,{},657,1541,16011
87,mmr_polbnda_adm3_250k_mimu_1.60,Chin,MMR004,Matupi,MMR004D002,Matupi,MMR004007,မတူပီ,10157,48,27915,2025-05-21 10:27:04.03221+00,2025-06-24 21:40:03.960375+00,{},0,0,54
88,mmr_polbnda_adm3_250k_mimu_1.61,Chin,MMR004,Matupi,MMR004D002,Paletwa,MMR004009,ပလက်ဝ,19516,143,51873,2025-05-21 10:27:04.03221+00,2025-06-24 21:40:03.960375+00,{},0,0,159
98,mmr_polbnda_adm3_250k_mimu_1.71,Kachin,MMR001,Myitkyina,MMR001D001,Chipwi,MMR001005,ချီ​ဖွေ,3306,359,10404,2025-05-21 10:27:04.03221+00,2025-06-24 21:40:03.960375+00,{},12,50,378
186,mmr_polbnda_adm3_250k_mimu_1.284,Tanintharyi,MMR006,Myeik,MMR006D002,Palaw,MMR006007,ပုလော,25653,842,74483,2025-05-21 10:27:04.03221+00,2025-06-24 21:40:03.960375+00,{},5,3,1001
189,mmr_polbnda_adm3_250k_mimu_1.137,Mandalay,MMR010,Myingyan,MMR010D004,Natogyi,MMR010019,နွားထိုးကြီး,40965,1353,123131,2025-05-21 10:27:04.03221+00,2025-06-24 21:40:03.960375+00,{},1,1,1445
210,mmr_polbnda_adm3_250k_mimu_1.164,Nay Pyi Taw,MMR018,Oke Ta Ra,MMR018D001,Poke Ba Thi Ri,MMR018005,ပုဗ္ဗသီရိ,27616,1911,76352,2025-05-21 10:27:04.03221+00,2025-06-24 21:40:03.960375+00,{},2,2,24
221,mmr_polbnda_adm3_250k_mimu_1.190,Sagaing,MMR005,Kanbalu,MMR005D002,Kyunhla,MMR005008,ကျွန်းလှ,20863,173,68102,2025-05-21 10:27:04.03221+00,2025-06-24 21:40:03.960375+00,{},10,3,190
228,mmr_polbnda_adm3_250k_mimu_1.197,Sagaing,MMR005,Kawlin,MMR005D004,Wuntho,MMR005025,ဝန်းသို,14205,83,47066,2025-05-21 10:27:04.03221+00,2025-06-24 21:40:03.960375+00,{},16,20,90
245,mmr_polbnda_adm3_250k_mimu_1.212,Sagaing,MMR005,Shwebo,MMR005D002,Tabayin,MMR005010,ဒီပဲယင်း,30345,319,92941,2025-05-21 10:27:04.03221+00,2025-06-24 21:40:03.960375+00,{},0,0,343
71,mmr_polbnda_adm3_250k_mimu_1.48,Bago (West),MMR111,Thayarwady,MMR008D002,Letpadan,MMR008008,လက်ပံတန်း,43484,1267,115686,2025-05-21 10:27:04.03221+00,2025-06-24 21:40:03.960375+00,{},35,22,1329
105,mmr_polbnda_adm3_250k_mimu_1.75,Kachin,MMR001,Myitkyina,MMR001D001,Tsawlaw,MMR001006,ဆော့လော်,1073,6,3275,2025-05-21 10:27:04.03221+00,2025-06-24 21:40:03.960375+00,{},0,0,6
142,mmr_polbnda_adm3_250k_mimu_1.104,Magway,MMR009,Magway,MMR009D001,Yenangyaung,MMR009002,ရေနံချောင်း,32500,1783,90766,2025-05-21 10:27:04.03221+00,2025-06-24 21:40:03.960375+00,{},75,7,1845
170,mmr_polbnda_adm3_250k_mimu_1.129,Mandalay,MMR010,Mandalay,MMR010D001,Mahaaungmyay,MMR010003,မဟာအောင်မြေ,41927,21037,175909,2025-05-21 10:27:04.03221+00,2025-06-24 21:40:03.960375+00,{},571,2677,22784
23,mmr_polbnda_adm3_250k_mimu_1.23,Ayeyarwady,MMR017,Pyapon,MMR017D006,Bogale,MMR017024,ဘိုကလေး,75987,3067,200054,2025-05-21 10:27:04.03221+00,2025-06-24 21:40:03.960375+00,{},156,70,3151
53,mmr_polbnda_adm3_250k_mimu_1.37,Bago (East),MMR111,Taungoo,MMR007D002,Oktwin,MMR007013,အုတ်တွင်း,36870,1259,100741,2025-05-21 10:27:04.03221+00,2025-06-24 21:40:03.960375+00,{},22,9,1307
67,mmr_polbnda_adm3_250k_mimu_1.45,Bago (West),MMR111,Pyay,MMR008D001,Shwedaung,MMR008006,ရွှေတောင်,33564,1632,90358,2025-05-21 10:27:04.03221+00,2025-06-24 21:40:03.960375+00,{},57,14,1903
78,mmr_polbnda_adm3_250k_mimu_1.150,Mon,MMR011,Mawlamyine,MMR011D001,Kyaikmaraw,MMR011002,ကျိုက်မရော,38888,709,116547,2025-05-21 10:27:04.03221+00,2025-06-24 21:40:03.960375+00,{},17,5,746
86,mmr_polbnda_adm3_250k_mimu_1.59,Chin,MMR004,Hakha,MMR004D003,Thantlang,MMR004003,ထန်တလန်,9782,52,27126,2025-05-21 10:27:04.03221+00,2025-06-24 21:40:03.960375+00,{},0,0,62
106,mmr_polbnda_adm3_250k_mimu_1.82,Kayah,MMR002,Bawlake,MMR002D002,Bawlake,MMR002005,ဘောလခဲ,2081,50,7142,2025-05-21 10:27:04.03221+00,2025-06-24 21:40:03.960375+00,{},0,0,51
145,mmr_polbnda_adm3_250k_mimu_1.112,Magway,MMR009,Pakokku,MMR009D004,Pauk,MMR009021,ပေါက်,38965,520,107895,2025-05-21 10:27:04.03221+00,2025-06-24 21:40:03.960375+00,{},2,0,579
161,mmr_polbnda_adm3_250k_mimu_1.244,Shan (North),MMR222,Lashio,MMR015D001,Tangyan,MMR015004,တန့်ယန်း,35142,122,102042,2025-05-21 10:27:04.03221+00,2025-06-24 21:40:03.960375+00,{},0,2,131
182,mmr_polbnda_adm3_250k_mimu_1.254,Shan (North),MMR222,Pa Laung Self-Administered Zone,MMR015D003,Namhsan,MMR015016,နမ့်ဆန်,13685,41,44155,2025-05-21 10:27:04.03221+00,2025-06-24 21:40:03.960375+00,{},4,2,42
187,mmr_polbnda_adm3_250k_mimu_1.285,Tanintharyi,MMR006,Myeik,MMR006D002,Tanintharyi,MMR006008,တနင်္သာရီ,19929,823,61518,2025-05-21 10:27:04.03221+00,2025-06-24 21:40:03.960375+00,{},8,17,898
270,mmr_polbnda_adm3_250k_mimu_1.262,Shan (South),MMR222,Loilen,MMR014D002,Kyethi,MMR014015,ကျေးသီး,14712,34,45309,2025-05-21 10:27:04.03221+00,2025-06-24 21:40:03.960375+00,{},0,0,37
311,mmr_polbnda_adm3_250k_mimu_1.306,Yangon,MMR013,Yangon (North),MMR013D001,Mingaladon,MMR013002,မင်္ဂလာဒုံ,66303,49032,236312,2025-05-21 10:27:04.03221+00,2025-06-24 21:40:03.960375+00,{},488,894,50853
46,mmr_polbnda_adm3_250k_mimu_1.95,Kayin,MMR003,Myawaddy,MMR003D002,Myawaddy,MMR003005,မြဝတီ,44016,4314,129811,2025-05-21 10:27:04.03221+00,2025-06-24 21:40:03.960375+00,{},289,727,4518
119,mmr_polbnda_adm3_250k_mimu_1.175,Rakhine,MMR012,Mrauk-U,MMR012D005,Mrauk-U,MMR012003,မြောက်ဦး,41525,225,115893,2025-05-21 10:27:04.03221+00,2025-06-24 21:40:03.960375+00,{},19,0,233
128,mmr_polbnda_adm3_250k_mimu_1.89,Kayin,MMR003,Hpa-An,MMR003D001,Hlaingbwe,MMR003002,လှိုင်းဘွဲ့,53120,356,149192,2025-05-21 10:27:04.03221+00,2025-06-24 21:40:03.960375+00,{},20,19,369
110,mmr_polbnda_adm3_250k_mimu_1.167,Rakhine,MMR012,Kyaukpyu,MMR012D003,Ann,MMR012014,အမ်း,27359,173,74160,2025-05-21 10:27:04.03221+00,2025-06-24 21:40:03.960375+00,"{'"red_flag'": '"true'", '"conflict_area'": '"true'"}",21,3,181
73,mmr_polbnda_adm3_250k_mimu_1.118,Magway,MMR009,Thayet,MMR009D003,Minhla,MMR009013,မင်းလှ,31622,1475,104290,2025-05-21 10:27:04.03221+00,2025-06-24 21:40:03.960375+00,{},63,6,1528
167,mmr_polbnda_adm3_250k_mimu_1.124,Mandalay,MMR010,Kyaukse,MMR010D003,Tada-U,MMR010016,တံတားဦး,32627,1114,96763,2025-05-21 10:27:04.03221+00,2025-06-24 21:40:03.960375+00,{},19,55,1277
172,mmr_polbnda_adm3_250k_mimu_1.131,Mandalay,MMR010,Mandalay,MMR010D001,Pyigyitagon,MMR010005,ပြည်ကြီးတံခွန်,43875,17692,162025,2025-05-21 10:27:04.03221+00,2025-06-24 21:40:03.960375+00,{},458,1488,19555
183,mmr_polbnda_adm3_250k_mimu_1.133,Mandalay,MMR010,Meiktila,MMR010D007,Meiktila,MMR010028,မိတ္ထီလာ,68439,16035,210663,2025-05-21 10:27:04.03221+00,2025-06-24 21:40:03.960375+00,{},483,898,17223
213,mmr_polbnda_adm3_250k_mimu_1.182,Rakhine,MMR012,Thandwe,MMR012D004,Thandwe,MMR012015,သံတွဲ,31075,1397,95906,2025-05-21 10:27:04.03221+00,2025-06-24 21:40:03.960375+00,{},92,61,1419
220,mmr_polbnda_adm3_250k_mimu_1.189,Sagaing,MMR005,Kanbalu,MMR005D002,Kanbalu,MMR005007,ကန့်ဘလူ,61326,693,190363,2025-05-21 10:27:04.03221+00,2025-06-24 21:40:03.960375+00,{},24,30,745
236,mmr_polbnda_adm3_250k_mimu_1.203,Sagaing,MMR005,Monywa,MMR005D003,Monywa,MMR005012,မုံရွာ,75962,9687,262808,2025-05-21 10:27:04.03221+00,2025-06-24 21:40:03.960375+00,{},413,777,9926
283,mmr_polbnda_adm3_250k_mimu_1.275,Shan (South),MMR222,Taunggyi,MMR014D001,Taunggyi,MMR014001,တောင်ကြီး,94869,16169,288238,2025-05-21 10:27:04.03221+00,2025-06-24 21:40:03.960375+00,{},347,1065,16765
6,mmr_polbnda_adm3_250k_mimu_1.6,Ayeyarwady,MMR017,Hinthada,MMR017D002,Zalun,MMR017009,ဇလွန်,42073,5798,112071,2025-05-21 10:27:04.03221+00,2025-06-24 21:40:03.960375+00,{},178,562,5944
17,mmr_polbnda_adm3_250k_mimu_1.17,Ayeyarwady,MMR017,Pathein,MMR017D001,Kyaunggon,MMR017007,ကျောင်းကုန်း,41402,4471,108023,2025-05-21 10:27:04.03221+00,2025-06-24 21:40:03.960375+00,{},178,438,4575
124,mmr_polbnda_adm3_250k_mimu_1.85,Kayah,MMR002,Loikaw,MMR002D001,Demoso,MMR002002,ဒီးမော့ဆို,15347,182,43847,2025-05-21 10:27:04.03221+00,2025-06-24 21:40:03.960375+00,{},5,6,196
215,mmr_polbnda_adm3_250k_mimu_1.184,Sagaing,MMR005,Hkamti,MMR005D008,Hkamti,MMR005033,ခန္တီး,7361,58,30544,2025-05-21 10:27:04.03221+00,2025-06-24 21:40:03.960375+00,{},0,0,66
230,mmr_polbnda_adm3_250k_mimu_1.199,Sagaing,MMR005,Mawlaik,MMR005D007,Paungbyin,MMR005032,ဖောင်းပြင်,20246,211,65158,2025-05-21 10:27:04.03221+00,2025-06-24 21:40:03.960375+00,{},0,0,237
255,mmr_polbnda_adm3_250k_mimu_1.235,Shan (North),MMR222,Kokang Self-Administered Zone,MMR015D005,Laukkaing,MMR015022,လောက်ကိုင်,15181,5,57350,2025-05-21 10:27:04.03221+00,2025-06-24 21:40:03.960375+00,{},0,0,5
259,mmr_polbnda_adm3_250k_mimu_1.239,Shan (North),MMR222,Kyaukme,MMR015D003,Nawnghkio,MMR015013,နောင်ချို,32224,1429,98381,2025-05-21 10:27:04.03221+00,2025-06-24 21:40:03.960375+00,{},118,309,1442
26,mmr_polbnda_adm3_250k_mimu_1.26,Ayeyarwady,MMR017,Pyapon,MMR017D006,Pyapon,MMR017023,ဖျာပုံ,69416,7135,193222,2025-05-21 10:27:04.03221+00,2025-06-24 21:40:03.960375+00,{},236,139,7309
136,mmr_polbnda_adm3_250k_mimu_1.213,Sagaing,MMR005,Shwebo,MMR005D002,Taze,MMR005011,တန့်ဆည်,35937,461,106837,2025-05-21 10:27:04.03221+00,2025-06-24 21:40:03.960375+00,{},0,0,484
175,mmr_polbnda_adm3_250k_mimu_1.248,Shan (North),MMR222,Mongmit,MMR015D003,Mabein,MMR015018,မဘိမ်း,8632,43,31096,2025-05-21 10:27:04.03221+00,2025-06-24 21:40:03.960375+00,{},4,4,49
205,mmr_polbnda_adm3_250k_mimu_1.159,Nay Pyi Taw,MMR018,Det Khi Na,MMR018D002,Det Khi Na Thi Ri,MMR018004,ဒက္ခိဏသီရိ,6997,920,35157,2025-05-21 10:27:04.03221+00,2025-06-24 21:40:03.960375+00,{},2,2,27
261,mmr_polbnda_adm3_250k_mimu_1.241,Shan (North),MMR222,Lashio,MMR015D004,Kunlong,MMR015020,ကွမ်းလုံ,10392,48,32756,2025-05-21 10:27:04.03221+00,2025-06-24 21:40:03.960375+00,{},0,0,48
267,mmr_polbnda_adm3_250k_mimu_1.259,Shan (South),MMR222,Langkho,MMR014D003,Mongnai,MMR014019,မိုးနဲ,8485,107,25445,2025-05-21 10:27:04.03221+00,2025-06-24 21:40:03.960375+00,{},20,0,115
316,mmr_polbnda_adm3_250k_mimu_1.311,Yangon,MMR013,Yangon (South),MMR013D003,Kawhmu,MMR013028,ကော့မှူး,29792,3514,77361,2025-05-21 10:27:04.03221+00,2025-06-24 21:40:03.960375+00,{},70,17,3801
317,mmr_polbnda_adm3_250k_mimu_1.312,Yangon,MMR013,Yangon (South),MMR013D003,Kayan,MMR013026,ခရမ်း,39314,3576,104502,2025-05-21 10:27:04.03221+00,2025-06-24 21:40:03.960375+00,{},48,29,3806
29,mmr_polbnda_adm3_250k_mimu_1.29,Bago (East),MMR111,Bago,MMR007D001,Kawa,MMR007003,ကဝ,46075,1482,120159,2025-05-21 10:27:04.03221+00,2025-06-24 21:40:03.960375+00,{},61,8,1600
32,mmr_polbnda_adm3_250k_mimu_1.77,Kachin,MMR001,Puta-O,MMR001D004,Khaunglanhpu,MMR001018,ခေါင်လန်ဖူး,1711,4,6965,2025-05-21 10:27:04.03221+00,2025-06-24 21:40:03.960375+00,{},0,0,4
52,mmr_polbnda_adm3_250k_mimu_1.36,Bago (East),MMR111,Taungoo,MMR007D002,Kyaukkyi,MMR007011,ကျောက်ကြီး,22883,331,65503,2025-05-21 10:27:04.03221+00,2025-06-24 21:40:03.960375+00,{},3,2,342
64,mmr_polbnda_adm3_250k_mimu_1.110,Magway,MMR009,Pakokku,MMR009D004,Myaing,MMR009020,မြိုင်,53641,683,150214,2025-05-21 10:27:04.03221+00,2025-06-24 21:40:03.960375+00,{},2,0,738
116,mmr_polbnda_adm3_250k_mimu_1.173,Rakhine,MMR012,Mrauk-U,MMR012D005,Kyauktaw,MMR012004,ကျောက်တော်,36495,127,106671,2025-05-21 10:27:04.03221+00,2025-06-24 21:40:03.960375+00,{},19,3,129
319,mmr_polbnda_adm3_250k_mimu_1.316,Yangon,MMR013,Yangon (South),MMR013D003,Thanlyin,MMR013023,သန်လျင်,61597,29667,184650,2025-05-21 10:27:04.03221+00,2025-06-24 21:40:03.960375+00,{},389,1075,32583
12,mmr_polbnda_adm3_250k_mimu_1.12,Ayeyarwady,MMR017,Maubin,MMR017D005,Pantanaw,MMR017020,ပန်းတနော်,60277,6360,172387,2025-05-21 10:27:04.03221+00,2025-06-24 21:40:03.960375+00,{},197,393,6587
146,mmr_polbnda_adm3_250k_mimu_1.113,Magway,MMR009,Pakokku,MMR009D004,Seikphyu,MMR009022,ဆိပ်ဖြူ,23427,1891,66238,2025-05-21 10:27:04.03221+00,2025-06-24 21:40:03.960375+00,{},27,10,1992
154,mmr_polbnda_adm3_250k_mimu_1.117,Magway,MMR009,Thayet,MMR009D003,Mindon,MMR009014,မင်းတုန်း,16809,173,43864,2025-05-21 10:27:04.03221+00,2025-06-24 21:40:03.960375+00,{},0,0,179
269,mmr_polbnda_adm3_250k_mimu_1.261,Shan (South),MMR222,Loilen,MMR014D002,Kunhing,MMR014014,ကွန်ဟိန်း,11137,50,35146,2025-05-21 10:27:04.03221+00,2025-06-24 21:40:03.960375+00,{},15,0,57
24,mmr_polbnda_adm3_250k_mimu_1.24,Ayeyarwady,MMR017,Pyapon,MMR017D006,Dedaye,MMR017026,ဒေးဒရဲ,48610,3759,129789,2025-05-21 10:27:04.03221+00,2025-06-24 21:40:03.960375+00,{},99,12,3850
35,mmr_polbnda_adm3_250k_mimu_1.80,Kachin,MMR001,Puta-O,MMR001D004,Puta-O,MMR001014,ပူတာအို,10743,49,33964,2025-05-21 10:27:04.03221+00,2025-06-24 21:40:03.960375+00,{},1,1,51
58,mmr_polbnda_adm3_250k_mimu_1.42,Bago (West),MMR111,Pyay,MMR008D001,Paukkhaung,MMR008002,ပေါက်ခေါင်း,32347,728,88676,2025-05-21 10:27:04.03221+00,2025-06-24 21:40:03.960375+00,{},0,1,782
84,mmr_polbnda_adm3_250k_mimu_1.57,Chin,MMR004,Falam,MMR004D001,Tonzang,MMR004005,တွန်းဇန်,4941,20,16119,2025-05-21 10:27:04.03221+00,2025-06-24 21:40:03.960375+00,{},0,0,21
89,mmr_polbnda_adm3_250k_mimu_1.62,Chin,MMR004,Mindat,MMR004D002,Kanpetlet,MMR004008,ကန်ပက်လက်,3977,83,10813,2025-05-21 10:27:04.03221+00,2025-06-24 21:40:03.960375+00,{},1,1,90
148,mmr_polbnda_adm3_250k_mimu_1.227,Shan (East),MMR222,Monghsat,MMR016D002,Mongton,MMR016008,မိုင်းတုံ,12521,23,40972,2025-05-21 10:27:04.03221+00,2025-06-24 21:40:03.960375+00,{},0,0,23
247,mmr_polbnda_adm3_250k_mimu_1.220,Sagaing,MMR005,Yinmarbin,MMR005D009,Yinmarbin,MMR005016,ယင်းမာပင်,29532,753,95189,2025-05-21 10:27:04.03221+00,2025-06-24 21:40:03.960375+00,{},4,4,783
273,mmr_polbnda_adm3_250k_mimu_1.265,Shan (South),MMR222,Loilen,MMR014D002,Monghsu,MMR014017,မိုင်းရှူး,15867,91,45080,2025-05-21 10:27:04.03221+00,2025-06-24 21:40:03.960375+00,{},0,0,95
278,mmr_polbnda_adm3_250k_mimu_1.270,Shan (South),MMR222,Pa-O Self-Administered Zone,MMR014D001,Pinlaung,MMR014009,ပင်လောင်း,42083,5570,120490,2025-05-21 10:27:04.03221+00,2025-06-24 21:40:03.960375+00,{},137,262,6071
51,mmr_polbnda_adm3_250k_mimu_1.304,Yangon,MMR013,Yangon (North),MMR013D001,Htantabin,MMR013006,ထန်းတပင်,34211,7622,94202,2025-05-21 10:27:04.03221+00,2025-06-24 21:40:03.960375+00,{},83,126,8359
1,mmr_polbnda_adm3_250k_mimu_1.1,Ayeyarwady,MMR017,Hinthada,MMR017D002,Hinthada,MMR017008,ဟင်္သာတ,86129,14180,232224,2025-05-21 10:27:04.03221+00,2025-06-24 21:40:03.960375+00,{},326,1244,14742
54,mmr_polbnda_adm3_250k_mimu_1.38,Bago (East),MMR111,Taungoo,MMR007D002,Phyu,MMR007012,ဖြူး,54931,4468,161273,2025-05-21 10:27:04.03221+00,2025-06-24 21:40:03.960375+00,{},159,95,4646
83,mmr_polbnda_adm3_250k_mimu_1.56,Chin,MMR004,Falam,MMR004D001,Tedim,MMR004004,တီးတိန်,14683,233,46132,2025-05-21 10:27:04.03221+00,2025-06-24 21:40:03.960375+00,{},0,0,346
157,mmr_polbnda_adm3_250k_mimu_1.231,Shan (North),MMR222,Hopang,MMR015D006,Hopang,MMR015021,ဟိုပန်,11216,3,35640,2025-05-21 10:27:04.03221+00,2025-06-24 21:40:03.960375+00,{},0,2,3
164,mmr_polbnda_adm3_250k_mimu_1.122,Mandalay,MMR010,Kyaukse,MMR010D003,Myittha,MMR010015,မြစ်သား,46017,1490,132313,2025-05-21 10:27:04.03221+00,2025-06-24 21:40:03.960375+00,{},90,34,1643
185,mmr_polbnda_adm3_250k_mimu_1.135,Mandalay,MMR010,Meiktila,MMR010D007,Wundwin,MMR010031,ဝမ်းတွင်း,53569,7558,161875,2025-05-21 10:27:04.03221+00,2025-06-24 21:40:03.960375+00,{},198,215,7931
199,mmr_polbnda_adm3_250k_mimu_1.147,Mandalay,MMR010,Yamethin,MMR010D006,Pyawbwe,MMR010024,ပျော်ဘွယ်,58863,7353,174555,2025-05-21 10:27:04.03221+00,2025-06-24 21:40:03.960375+00,{},233,215,7941
277,mmr_polbnda_adm3_250k_mimu_1.269,Shan (South),MMR222,Pa-O Self-Administered Zone,MMR014D001,Hsihseng,MMR014004,ဆီဆိုင်,32771,186,87995,2025-05-21 10:27:04.03221+00,2025-06-24 21:40:03.960375+00,{},40,2,194
293,mmr_polbnda_adm3_250k_mimu_1.289,Yangon,MMR013,Yangon (East),MMR013D002,Dagon Myothit (Seikkan),MMR013021,ဒဂုံမြို့သစ် (ဆိပ်ကမ်း),37905,2676,114786,2025-05-21 10:27:04.03221+00,2025-06-24 21:40:03.960375+00,{},174,395,2667
299,mmr_polbnda_adm3_250k_mimu_1.294,Yangon,MMR013,Yangon (East),MMR013D002,Pazundaung,MMR013016,ပုဇွန်တောင်,10306,15906,37773,2025-05-21 10:27:04.03221+00,2025-06-24 21:40:03.960375+00,{},164,509,16617
9,mmr_polbnda_adm3_250k_mimu_1.9,Ayeyarwady,MMR017,Maubin,MMR017D005,Danubyu,MMR017022,ဓနုဖြူ,44797,5939,120577,2025-05-21 10:27:04.03221+00,2025-06-24 21:40:03.960375+00,{},200,652,6513
25,mmr_polbnda_adm3_250k_mimu_1.25,Ayeyarwady,MMR017,Pyapon,MMR017D006,Kyaiklat,MMR017025,ကျိုက်လတ်,43748,2842,122381,2025-05-21 10:27:04.03221+00,2025-06-24 21:40:03.960375+00,{},100,39,2910
30,mmr_polbnda_adm3_250k_mimu_1.30,Bago (East),MMR111,Bago,MMR007D001,Kyauktaga,MMR007006,ကျောက်တံခါး,51648,6118,153088,2025-05-21 10:27:04.03221+00,2025-06-24 21:40:03.960375+00,{},156,139,6750
130,mmr_polbnda_adm3_250k_mimu_1.98,Magway,MMR009,Gangaw,MMR009D005,Tilin,MMR009024,ထီးလင်း,10532,637,35707,2025-05-21 10:27:04.03221+00,2025-06-24 21:40:03.960375+00,{},1,0,667
178,mmr_polbnda_adm3_250k_mimu_1.250,Shan (North),MMR222,Muse,MMR015D002,Kutkai,MMR015011,ကွတ်ခိုင်,32080,78,98307,2025-05-21 10:27:04.03221+00,2025-06-24 21:40:03.960375+00,{},0,0,85
188,mmr_polbnda_adm3_250k_mimu_1.136,Mandalay,MMR010,Myingyan,MMR010D004,Myingyan,MMR010017,မြင်းခြံ,62340,10725,193517,2025-05-21 10:27:04.03221+00,2025-06-24 21:40:03.960375+00,{},143,374,11472
207,mmr_polbnda_adm3_250k_mimu_1.161,Nay Pyi Taw,MMR018,Det Khi Na,MMR018D002,Pyinmana,MMR018006,ပျဉ်းမနား,39663,13576,125233,2025-05-21 10:27:04.03221+00,2025-06-24 21:40:03.960375+00,{},396,859,14503
209,mmr_polbnda_adm3_250k_mimu_1.163,Nay Pyi Taw,MMR018,Oke Ta Ra,MMR018D001,Oke Ta Ra Thi Ri,MMR018008,ဥတ္တရသီရိ,18661,2828,53255,2025-05-21 10:27:04.03221+00,2025-06-24 21:40:03.960375+00,{},5,8,28
240,mmr_polbnda_adm3_250k_mimu_1.207,Sagaing,MMR005,Sagaing,MMR005D001,Myaung,MMR005003,မြောင်,24262,422,76202,2025-05-21 10:27:04.03221+00,2025-06-24 21:40:03.960375+00,{},1,0,464
292,mmr_polbnda_adm3_250k_mimu_1.288,Yangon,MMR013,Yangon (East),MMR013D002,Dagon Myothit (North),MMR013019,ဒဂုံမြို့သစ် (မြောက်ပိုင်း),42704,9047,151448,2025-05-21 10:27:04.03221+00,2025-06-24 21:40:03.960375+00,{},479,1221,66
310,mmr_polbnda_adm3_250k_mimu_1.305,Yangon,MMR013,Yangon (North),MMR013D001,Insein,MMR013001,အင်းစိန်,61676,44730,223488,2025-05-21 10:27:04.03221+00,2025-06-24 21:40:03.960375+00,{},602,1328,46651
314,mmr_polbnda_adm3_250k_mimu_1.309,Yangon,MMR013,Yangon (South),MMR013D003,Cocokyun,MMR013032,ကိုကိုးကျွန်း,351,152,1489,2025-05-21 10:27:04.03221+00,2025-06-24 21:40:03.960375+00,{},0,0,165
325,mmr_polbnda_adm3_250k_mimu_1.322,Yangon,MMR013,Yangon (West),MMR013D004,Hlaing,MMR013040,လှိုင်,32837,39107,123693,2025-05-21 10:27:04.03221+00,2025-06-24 21:40:03.960375+00,{},541,1356,41469
327,mmr_polbnda_adm3_250k_mimu_1.320,Yangon,MMR013,Yangon (West),MMR013D004,Bahan,MMR013044,ဗဟန်း,17426,24951,76541,2025-05-21 10:27:04.03221+00,2025-06-24 21:40:03.960375+00,{},3317,830,28294
92,mmr_polbnda_adm3_250k_mimu_1.65,Kachin,MMR001,Bhamo,MMR001D003,Mansi,MMR001013,မံစီ,10554,73,32871,2025-05-21 10:27:04.03221+00,2025-06-24 21:40:03.960375+00,{},0,0,85
134,mmr_polbnda_adm3_250k_mimu_1.102,Magway,MMR009,Magway,MMR009D001,Natmauk,MMR009006,နတ်မောက်,48426,1714,136847,2025-05-21 10:27:04.03221+00,2025-06-24 21:40:03.960375+00,{},0,1,1785
156,mmr_polbnda_adm3_250k_mimu_1.230,Shan (East),MMR222,Tachileik,MMR016D003,Tachileik,MMR016009,တာချီလိတ်,37673,3984,118583,2025-05-21 10:27:04.03221+00,2025-06-24 21:40:03.960375+00,{},177,136,4304
192,mmr_polbnda_adm3_250k_mimu_1.140,Mandalay,MMR010,Nyaung-U,MMR010D004,Kyaukpadaung,MMR010020,ကျောက်ပန်းတောင်း,61961,10419,177057,2025-05-21 10:27:04.03221+00,2025-06-24 21:40:03.960375+00,{},416,632,11165
217,mmr_polbnda_adm3_250k_mimu_1.186,Sagaing,MMR005,Kale,MMR005D005,Kale,MMR005027,ကလေး,72769,5447,220891,2025-05-21 10:27:04.03221+00,2025-06-24 21:40:03.960375+00,{},179,503,5585
256,mmr_polbnda_adm3_250k_mimu_1.236,Shan (North),MMR222,Kyaukme,MMR015D003,Hsipaw,MMR015014,သီပေါ,37906,583,113779,2025-05-21 10:27:04.03221+00,2025-06-24 21:40:03.960375+00,{},126,175,596
264,mmr_polbnda_adm3_250k_mimu_1.256,Shan (South),MMR222,Danu Self-Administered Zone,MMR014D001,Ywangan,MMR014007,ရွာငံ,18348,359,52125,2025-05-21 10:27:04.03221+00,2025-06-24 21:40:03.960375+00,{},4,9,380
272,mmr_polbnda_adm3_250k_mimu_1.264,Shan (South),MMR222,Loilen,MMR014D002,Loilen,MMR014011,လွိုင်လင်,25417,870,74262,2025-05-21 10:27:04.03221+00,2025-06-24 21:40:03.960375+00,{},72,26,950
38,mmr_polbnda_adm3_250k_mimu_1.31,Bago (East),MMR111,Bago,MMR007D001,Nyaunglebin,MMR007005,ညောင်လေးပင်,44762,5947,127788,2025-05-21 10:27:04.03221+00,2025-06-24 21:40:03.960375+00,{},134,261,6387
141,mmr_polbnda_adm3_250k_mimu_1.218,Sagaing,MMR005,Yinmarbin,MMR005D009,Pale,MMR005019,ပုလဲ,32362,365,96273,2025-05-21 10:27:04.03221+00,2025-06-24 21:40:03.960375+00,{},1,0,376
234,mmr_polbnda_adm3_250k_mimu_1.287,Yangon,MMR013,Yangon (East),MMR013D002,Dagon Myothit (East),MMR013020,ဒဂုံမြို့သစ် (အရှေ့ပိုင်း),33913,4613,115432,2025-05-21 10:27:04.03221+00,2025-06-24 21:40:03.960375+00,{},211,529,4609
3,mmr_polbnda_adm3_250k_mimu_1.3,Ayeyarwady,MMR017,Hinthada,MMR017D002,Kyangin,MMR017012,ကြံခင်း,26857,4920,71135,2025-05-21 10:27:04.03221+00,2025-06-24 21:40:03.960375+00,{},167,462,5215
21,mmr_polbnda_adm3_250k_mimu_1.21,Ayeyarwady,MMR017,Pathein,MMR017D001,Thabaung,MMR017003,သာပေါင်း,37237,6111,98388,2025-05-21 10:27:04.03221+00,2025-06-24 21:40:03.960375+00,{},110,438,6206
97,mmr_polbnda_adm3_250k_mimu_1.70,Kachin,MMR001,Mohnyin,MMR001D002,Mohnyin,MMR001007,မိုးညှင်း,39622,2097,130634,2025-05-21 10:27:04.03221+00,2025-06-24 21:40:03.960375+00,{},183,219,2139
113,mmr_polbnda_adm3_250k_mimu_1.170,Rakhine,MMR012,Kyaukpyu,MMR012D003,Ramree,MMR012013,ရမ်းဗြဲ,22418,158,65504,2025-05-21 10:27:04.03221+00,2025-06-24 21:40:03.960375+00,{},11,2,161
118,mmr_polbnda_adm3_250k_mimu_1.84,Kayah,MMR002,Bawlake,MMR002D002,Mese,MMR002007,မယ်စဲ,1302,73,3848,2025-05-21 10:27:04.03221+00,2025-06-24 21:40:03.960375+00,{},0,0,78
127,mmr_polbnda_adm3_250k_mimu_1.88,Kayah,MMR002,Loikaw,MMR002D001,Shadaw,MMR002004,ရှားတော,1406,36,3792,2025-05-21 10:27:04.03221+00,2025-06-24 21:40:03.960375+00,{},1,0,46
165,mmr_polbnda_adm3_250k_mimu_1.245,Shan (North),MMR222,Matman,MMR015D007,Matman,MMR015024,မက်မန်း,3318,,10440,2025-05-21 10:27:04.03221+00,2025-06-23 16:06:21.288587+00,{},0,0,
150,mmr_polbnda_adm3_250k_mimu_1.229,Shan (East),MMR222,Tachileik,MMR016D004,Mongyawng,MMR016011,မိုင်းယောင်း,17196,21,54034,2025-05-21 10:27:04.03221+00,2025-06-24 21:40:03.960375+00,{},0,0,22
159,mmr_polbnda_adm3_250k_mimu_1.119,Magway,MMR009,Thayet,MMR009D003,Sinbaungwe,MMR009017,ဆင်ပေါင်ဝဲ,28684,868,80696,2025-05-21 10:27:04.03221+00,2025-06-24 21:40:03.960375+00,{},13,1,1008
200,mmr_polbnda_adm3_250k_mimu_1.148,Mandalay,MMR010,Yamethin,MMR010D006,Yamethin,MMR010023,ရမည်းသင်း,57259,8764,177813,2025-05-21 10:27:04.03221+00,2025-06-24 21:40:03.960375+00,{},300,400,9237
214,mmr_polbnda_adm3_250k_mimu_1.183,Rakhine,MMR012,Thandwe,MMR012D004,Toungup,MMR012016,တောင်ကုတ်,35192,897,104261,2025-05-21 10:27:04.03221+00,2025-06-24 21:40:03.960375+00,{},117,126,926
227,mmr_polbnda_adm3_250k_mimu_1.196,Sagaing,MMR005,Kawlin,MMR005D004,Pinlebu,MMR005026,ပင်လည်ဘူး,21900,69,69170,2025-05-21 10:27:04.03221+00,2025-06-24 21:40:03.960375+00,{},0,0,72
173,mmr_polbnda_adm3_250k_mimu_1.246,Shan (North),MMR222,Matman,MMR015D007,Narphan,MMR015006,နားဖန်း,16474,,62153,2025-05-21 10:27:04.03221+00,2025-06-23 16:06:26.744125+00,{},0,0,
242,mmr_polbnda_adm3_250k_mimu_1.209,Sagaing,MMR005,Sagaing,MMR005D001,Sagaing,MMR005001,စစ်ကိုင်း,65143,12558,216166,2025-05-21 10:27:04.03221+00,2025-06-24 21:40:03.960375+00,{},176,685,13326
251,mmr_polbnda_adm3_250k_mimu_1.224,Shan (East),MMR222,Kengtung,MMR016D002,Mongping,MMR016007,မိုင်းပျဉ်း,13299,29,39310,2025-05-21 10:27:04.03221+00,2025-06-24 21:40:03.960375+00,{},0,0,32
280,mmr_polbnda_adm3_250k_mimu_1.272,Shan (South),MMR222,Taunggyi,MMR014D001,Lawksawk,MMR014008,ရပ်စောက်,34107,4521,103419,2025-05-21 10:27:04.03221+00,2025-06-24 21:40:03.960375+00,{},53,82,4599
290,mmr_polbnda_adm3_250k_mimu_1.282,Tanintharyi,MMR006,Myeik,MMR006D002,Kyunsu,MMR006006,ကျွန်းစု,32988,244,96061,2025-05-21 10:27:04.03221+00,2025-06-24 21:40:03.960375+00,{},6,2,258
323,mmr_polbnda_adm3_250k_mimu_1.319,Yangon,MMR013,Yangon (West),MMR013D004,Ahlone,MMR013037,အလုံ,10943,15474,43463,2025-05-21 10:27:04.03221+00,2025-06-24 21:40:03.960375+00,{},351,628,15977
63,mmr_polbnda_adm3_250k_mimu_1.109,Magway,MMR009,Minbu,MMR009D002,Sidoktaya,MMR009011,စေတုတ္ထရာ,10780,225,31895,2025-05-21 10:27:04.03221+00,2025-06-24 21:40:03.960375+00,{},0,0,231
7,mmr_polbnda_adm3_250k_mimu_1.7,Ayeyarwady,MMR017,Labutta,MMR017D004,Labutta,MMR017016,လပွတ္တာ,75583,4997,195554,2025-05-21 10:27:04.03221+00,2025-06-24 21:40:03.960375+00,{},186,342,5278
27,mmr_polbnda_adm3_250k_mimu_1.27,Bago (East),MMR111,Bago,MMR007D001,Bago,MMR007001,ပဲခူး,107132,34778,321812,2025-05-21 10:27:04.03221+00,2025-06-24 21:40:03.960375+00,{},549,1679,38040
44,mmr_polbnda_adm3_250k_mimu_1.34,Bago (East),MMR111,Bago,MMR007D001,Waw,MMR007004,ဝေါ,37083,1743,104369,2025-05-21 10:27:04.03221+00,2025-06-24 21:40:03.960375+00,{},49,12,1866
93,mmr_polbnda_adm3_250k_mimu_1.66,Kachin,MMR001,Bhamo,MMR001D003,Momauk,MMR001012,မိုးမောက်,12370,77,39116,2025-05-21 10:27:04.03221+00,2025-06-24 21:40:03.960375+00,{},0,0,81
96,mmr_polbnda_adm3_250k_mimu_1.69,Kachin,MMR001,Mohnyin,MMR001D002,Mogaung,MMR001008,မိုးကောင်း,24898,1209,81068,2025-05-21 10:27:04.03221+00,2025-06-24 21:40:03.960375+00,{},183,175,1218
203,mmr_polbnda_adm3_250k_mimu_1.157,Mon,MMR011,Thaton,MMR011D002,Paung,MMR011008,ပေါင်,43726,931,133792,2025-05-21 10:27:04.03221+00,2025-06-24 21:40:03.960375+00,{},92,63,986
233,mmr_polbnda_adm3_250k_mimu_1.286,Yangon,MMR013,Yangon (East),MMR013D002,Botahtaung,MMR013017,ဗိုလ်တထောင်,8397,13330,31671,2025-05-21 10:27:04.03221+00,2025-06-24 21:40:03.960375+00,{},113,304,14110
237,mmr_polbnda_adm3_250k_mimu_1.204,Sagaing,MMR005,Naga Self-Administered Zone,MMR005D008,Lahe,MMR005036,လဟယ်,8932,5,28820,2025-05-21 10:27:04.03221+00,2025-06-24 21:40:03.960375+00,{},0,0,6
262,mmr_polbnda_adm3_250k_mimu_1.242,Shan (North),MMR222,Lashio,MMR015D001,Lashio,MMR015001,လားရှိုး,64932,4181,204018,2025-05-21 10:27:04.03221+00,2025-06-24 21:40:03.960375+00,{},184,845,4310
275,mmr_polbnda_adm3_250k_mimu_1.267,Shan (South),MMR222,Loilen,MMR014D002,Nansang,MMR014013,နမ့်စန်,23227,3176,72175,2025-05-21 10:27:04.03221+00,2025-06-24 21:40:03.960375+00,{},104,161,3905
211,mmr_polbnda_adm3_250k_mimu_1.180,Rakhine,MMR012,Sittwe,MMR012D001,Sittwe,MMR012001,စစ်တွေ,29036,1234,99142,2025-05-21 10:27:04.03221+00,2025-06-24 21:40:03.960375+00,"{'"red_flag'": '"true'", '"conflict_area'": '"true'"}",98,61,1275
16,mmr_polbnda_adm3_250k_mimu_1.16,Ayeyarwady,MMR017,Pathein,MMR017D001,Kangyidaunt,MMR017002,ကန်ကြီးထောင့်,42966,4040,114650,2025-05-21 10:27:04.03221+00,2025-06-24 21:40:03.960375+00,{},86,232,4239
57,mmr_polbnda_adm3_250k_mimu_1.41,Bago (West),MMR111,Pyay,MMR008D001,Padaung,MMR008003,ပန်းတောင်း,38892,1675,105045,2025-05-21 10:27:04.03221+00,2025-06-24 21:40:03.960375+00,{},22,1,1777
60,mmr_polbnda_adm3_250k_mimu_1.106,Magway,MMR009,Minbu,MMR009D002,Ngape,MMR009009,ငဖဲ,12457,201,34254,2025-05-21 10:27:04.03221+00,2025-06-24 21:40:03.960375+00,{},1,0,212
74,mmr_polbnda_adm3_250k_mimu_1.50,Bago (West),MMR111,Thayarwady,MMR008D002,Monyo,MMR008013,မိုးညို,33287,800,87770,2025-05-21 10:27:04.03221+00,2025-06-24 21:40:03.960375+00,{},15,0,885
104,mmr_polbnda_adm3_250k_mimu_1.155,Mon,MMR011,Thaton,MMR011D002,Bilin,MMR011010,ဘီးလင်း,39231,3726,109562,2025-05-21 10:27:04.03221+00,2025-06-24 21:40:03.960375+00,{},276,601,3955
109,mmr_polbnda_adm3_250k_mimu_1.166,Nay Pyi Taw,MMR018,Oke Ta Ra,MMR018D001,Zay Yar Thi Ri,MMR018001,ဇေယျာသီရိ,26075,3,73763,2025-05-21 10:27:04.03221+00,2025-06-24 21:40:03.960375+00,{},55,60,19
123,mmr_polbnda_adm3_250k_mimu_1.179,Rakhine,MMR012,Sittwe,MMR012D001,Rathedaung,MMR012008,ရသေ့တောင်,24341,136,66261,2025-05-21 10:27:04.03221+00,2025-06-24 21:40:03.960375+00,{},0,0,139
125,mmr_polbnda_adm3_250k_mimu_1.86,Kayah,MMR002,Loikaw,MMR002D001,Hpruso,MMR002003,ဖရူဆို,5910,115,16016,2025-05-21 10:27:04.03221+00,2025-06-24 21:40:03.960375+00,{},0,0,118
190,mmr_polbnda_adm3_250k_mimu_1.138,Mandalay,MMR010,Myingyan,MMR010D004,Ngazun,MMR010021,ငါန်းဇွန်,27838,425,86191,2025-05-21 10:27:04.03221+00,2025-06-24 21:40:03.960375+00,{},5,2,468
191,mmr_polbnda_adm3_250k_mimu_1.139,Mandalay,MMR010,Myingyan,MMR010D004,Taungtha,MMR010018,တောင်သာ,49852,2500,143588,2025-05-21 10:27:04.03221+00,2025-06-24 21:40:03.960375+00,{},1,4,2659
201,mmr_polbnda_adm3_250k_mimu_1.149,Mon,MMR011,Mawlamyine,MMR011D001,Chaungzon,MMR011003,ချောင်းဆုံ,27944,973,79250,2025-05-21 10:27:04.03221+00,2025-06-24 21:40:03.960375+00,{},63,63,1027
216,mmr_polbnda_adm3_250k_mimu_1.185,Sagaing,MMR005,Hkamti,MMR005D008,Homalin,MMR005034,ဟုမ္မလင်း,35743,256,153356,2025-05-21 10:27:04.03221+00,2025-06-24 21:40:03.960375+00,{},0,0,282
235,mmr_polbnda_adm3_250k_mimu_1.202,Sagaing,MMR005,Monywa,MMR005D003,Chaung-U,MMR005015,ချောင်းဦး,23376,412,74901,2025-05-21 10:27:04.03221+00,2025-06-24 21:40:03.960375+00,{},4,3,433
246,mmr_polbnda_adm3_250k_mimu_1.219,Sagaing,MMR005,Yinmarbin,MMR005D009,Salingyi,MMR005018,ဆားလင်းကြီး,26467,407,84781,2025-05-21 10:27:04.03221+00,2025-06-24 21:40:03.960375+00,{},8,2,435
271,mmr_polbnda_adm3_250k_mimu_1.263,Shan (South),MMR222,Loilen,MMR014D002,Laihka,MMR014012,လဲချား,8790,82,31803,2025-05-21 10:27:04.03221+00,2025-06-24 21:40:03.960375+00,{},13,1,87
289,mmr_polbnda_adm3_250k_mimu_1.281,Tanintharyi,MMR006,Kawthoung,MMR006D003,Kawthoung,MMR006009,ကော့သောင်း,30346,4544,87007,2025-05-21 10:27:04.03221+00,2025-06-24 21:40:03.960375+00,{},145,620,4944
135,mmr_polbnda_adm3_250k_mimu_1.103,Magway,MMR009,Magway,MMR009D001,Taungdwingyi,MMR009004,တောင်တွင်းကြီး,60263,2811,174353,2025-05-21 10:27:04.03221+00,2025-06-24 21:40:03.960375+00,{},56,7,2943
263,mmr_polbnda_adm3_250k_mimu_1.255,Shan (South),MMR222,Danu Self-Administered Zone,MMR014D001,Pindaya,MMR014006,ပင်းတယ,17544,511,50062,2025-05-21 10:27:04.03221+00,2025-06-24 21:40:03.960375+00,{},82,6,527
296,mmr_polbnda_adm3_250k_mimu_1.299,Yangon,MMR013,Yangon (East),MMR013D002,Yankin,MMR013010,ရန်ကင်း,14637,31722,54341,2025-05-21 10:27:04.03221+00,2025-06-24 21:40:03.960375+00,{},197,606,34535
43,mmr_polbnda_adm3_250k_mimu_1.93,Kayin,MMR003,Kawkareik,MMR003D003,Kawkareik,MMR003006,ကော့ကရိတ်,45498,579,131321,2025-05-21 10:27:04.03221+00,2025-06-24 21:40:03.960375+00,{},79,43,610
56,mmr_polbnda_adm3_250k_mimu_1.40,Bago (East),MMR111,Taungoo,MMR007D002,Yedashe,MMR007010,ရေတာရှည်,50527,3006,137230,2025-05-21 10:27:04.03221+00,2025-06-24 21:40:03.960375+00,{},112,143,3211
103,mmr_polbnda_adm3_250k_mimu_1.154,Mon,MMR011,Mawlamyine,MMR011D001,Ye,MMR011006,ရေး,53448,3123,166071,2025-05-21 10:27:04.03221+00,2025-06-24 21:40:03.960375+00,{},147,494,3237
126,mmr_polbnda_adm3_250k_mimu_1.87,Kayah,MMR002,Loikaw,MMR002D001,Loikaw,MMR002001,လွိုင်ကော်,26495,1018,80162,2025-05-21 10:27:04.03221+00,2025-06-24 21:40:03.960375+00,{},100,119,1092
147,mmr_polbnda_adm3_250k_mimu_1.226,Shan (East),MMR222,Monghsat,MMR016D002,Monghsat,MMR016006,မိုင်းဆတ်,19111,85,57106,2025-05-21 10:27:04.03221+00,2025-06-24 21:40:03.960375+00,{},1,0,88
193,mmr_polbnda_adm3_250k_mimu_1.141,Mandalay,MMR010,Nyaung-U,MMR010D005,Nyaung-U,MMR010022,ညောင်ဦး,54473,8030,167644,2025-05-21 10:27:04.03221+00,2025-06-24 21:40:03.960375+00,{},452,562,8513
206,mmr_polbnda_adm3_250k_mimu_1.160,Nay Pyi Taw,MMR018,Det Khi Na,MMR018D002,Lewe,MMR018007,လယ်ဝေး,65174,15529,181158,2025-05-21 10:27:04.03221+00,2025-06-24 21:40:03.960375+00,{},371,600,16573
218,mmr_polbnda_adm3_250k_mimu_1.187,Sagaing,MMR005,Kale,MMR005D005,Kalewa,MMR005028,ကလေးဝ,11735,220,36795,2025-05-21 10:27:04.03221+00,2025-06-24 21:40:03.960375+00,{},2,0,242
224,mmr_polbnda_adm3_250k_mimu_1.193,Sagaing,MMR005,Katha,MMR005D004,Katha,MMR005020,ကသာ,31961,547,102160,2025-05-21 10:27:04.03221+00,2025-06-24 21:40:03.960375+00,{},127,116,568
229,mmr_polbnda_adm3_250k_mimu_1.198,Sagaing,MMR005,Mawlaik,MMR005D007,Mawlaik,MMR005031,မော်လိုက်,10345,952,32125,2025-05-21 10:27:04.03221+00,2025-06-24 21:40:03.960375+00,{},0,0,1092
274,mmr_polbnda_adm3_250k_mimu_1.266,Shan (South),MMR222,Loilen,MMR014D002,Mongkaing,MMR014016,မိုင်းကိုင်,16332,54,46354,2025-05-21 10:27:04.03221+00,2025-06-24 21:40:03.960375+00,{},0,0,55
286,mmr_polbnda_adm3_250k_mimu_1.278,Tanintharyi,MMR006,Dawei,MMR006D001,Thayetchaung,MMR006003,သရက်ချောင်း,22874,971,63882,2025-05-21 10:27:04.03221+00,2025-06-24 21:40:03.960375+00,{},6,0,1088
315,mmr_polbnda_adm3_250k_mimu_1.310,Yangon,MMR013,Yangon (South),MMR013D003,Dala,MMR013030,ဒလ,37912,34811,113153,2025-05-21 10:27:04.03221+00,2025-06-24 21:40:03.960375+00,{},183,264,37082
111,mmr_polbnda_adm3_250k_mimu_1.168,Rakhine,MMR012,Kyaukpyu,MMR012D003,Kyaukpyu,MMR012011,ကျောက်ဖြူ,37264,664,107017,2025-05-21 10:27:04.03221+00,2025-06-24 21:40:03.960375+00,"{'"red_flag'": '"true'", '"conflict_area'": '"true'"}",63,40,685
70,mmr_polbnda_adm3_250k_mimu_1.47,Bago (West),MMR111,Thayarwady,MMR008D002,Gyobingauk,MMR008014,ကြို့ပင်ကောက်,30586,912,85833,2025-05-21 10:27:04.03221+00,2025-06-24 21:40:03.960375+00,{},89,4,959
102,mmr_polbnda_adm3_250k_mimu_1.153,Mon,MMR011,Mawlamyine,MMR011D001,Thanbyuzayat,MMR011004,သံဖြူဇရပ်,36234,3327,109737,2025-05-21 10:27:04.03221+00,2025-06-24 21:40:03.960375+00,{},179,579,3577
107,mmr_polbnda_adm3_250k_mimu_1.83,Kayah,MMR002,Bawlake,MMR002D002,Hpasawng,MMR002006,ဖားဆောင်း,4733,67,15696,2025-05-21 10:27:04.03221+00,2025-06-24 21:40:03.960375+00,{},0,0,90
171,mmr_polbnda_adm3_250k_mimu_1.130,Mandalay,MMR010,Mandalay,MMR010D001,Patheingyi,MMR010007,ပုသိမ်ကြီး,52990,15513,175273,2025-05-21 10:27:04.03221+00,2025-06-24 21:40:03.960375+00,{},434,1138,16525
176,mmr_polbnda_adm3_250k_mimu_1.132,Mandalay,MMR010,Meiktila,MMR010D007,Mahlaing,MMR010029,မလှိုင်,33327,7387,95639,2025-05-21 10:27:04.03221+00,2025-06-24 21:40:03.960375+00,{},215,218,7758
231,mmr_polbnda_adm3_250k_mimu_1.200,Sagaing,MMR005,Monywa,MMR005D003,Ayadaw,MMR005014,အရာတော်,35591,521,109375,2025-05-21 10:27:04.03221+00,2025-06-24 21:40:03.960375+00,{},7,7,551
266,mmr_polbnda_adm3_250k_mimu_1.258,Shan (South),MMR222,Langkho,MMR014D003,Mawkmai,MMR014020,မောက်မယ်,7194,35,19540,2025-05-21 10:27:04.03221+00,2025-06-24 21:40:03.960375+00,{},0,0,39
302,mmr_polbnda_adm3_250k_mimu_1.296,Yangon,MMR013,Yangon (East),MMR013D002,Tamwe,MMR013015,တာမွေ,35360,57347,127301,2025-05-21 10:27:04.03221+00,2025-06-24 21:40:03.960375+00,{},471,2340,60723
303,mmr_polbnda_adm3_250k_mimu_1.297,Yangon,MMR013,Yangon (East),MMR013D002,Thaketa,MMR013013,သာကေတ,45456,34229,163542,2025-05-21 10:27:04.03221+00,2025-06-24 21:40:03.960375+00,{},530,1482,35379
305,mmr_polbnda_adm3_250k_mimu_1.301,Yangon,MMR013,Yangon (North),MMR013D001,Hlaingtharya,MMR013008,လှိုင်သာယာ (အနောက်ပိုင်း),148711,42384,484300,2025-05-21 10:27:04.03221+00,2025-06-24 21:40:03.960375+00,{},779,1327,48445
238,mmr_polbnda_adm3_250k_mimu_1.205,Sagaing,MMR005,Naga Self-Administered Zone,MMR005D008,Layshi,MMR005035,လေရှီး,1966,4,5722,2025-05-21 10:27:04.03221+00,2025-06-23 16:07:08.199097+00,{},0,0,
322,mmr_polbnda_adm3_250k_mimu_1.313,Yangon,MMR013,Yangon (South),MMR013D003,Kungyangon,MMR013029,ကွမ်းခြံကုန်း,28352,4172,73392,2025-05-21 10:27:04.03221+00,2025-06-24 21:40:03.960375+00,{},74,2,4656
48,mmr_polbnda_adm3_250k_mimu_1.97,Magway,MMR009,Gangaw,MMR009D005,Saw,MMR009025,ဆော,15934,289,49201,2025-05-21 10:27:04.03221+00,2025-06-24 21:40:03.960375+00,{},1,0,315
222,mmr_polbnda_adm3_250k_mimu_1.191,Sagaing,MMR005,Katha,MMR005D004,Banmauk,MMR005023,ဗန်းမောက်,18868,125,67657,2025-05-21 10:27:04.03221+00,2025-06-24 21:40:03.960375+00,{},0,3,127
250,mmr_polbnda_adm3_250k_mimu_1.223,Shan (East),MMR222,Kengtung,MMR016D001,Mongla,MMR016005,မိုင်းလား,5208,15,31742,2025-05-21 10:27:04.03221+00,2025-06-24 21:40:03.960375+00,{},0,0,15
284,mmr_polbnda_adm3_250k_mimu_1.276,Tanintharyi,MMR006,Dawei,MMR006D001,Dawei,MMR006001,ထားဝယ်,29133,5025,97319,2025-05-21 10:27:04.03221+00,2025-06-24 21:40:03.960375+00,{},237,575,5267
312,mmr_polbnda_adm3_250k_mimu_1.307,Yangon,MMR013,Yangon (North),MMR013D001,Shwepyithar,MMR013007,ရွှေပြည်သာ,73775,29111,238631,2025-05-21 10:27:04.03221+00,2025-06-24 21:40:03.960375+00,{},535,802,30371
69,mmr_polbnda_adm3_250k_mimu_1.46,Bago (West),MMR111,Pyay,MMR008D001,Thegon,MMR008005,သဲကုန်း,35950,1090,99028,2025-05-21 10:27:04.03221+00,2025-06-24 21:40:03.960375+00,{},13,7,1135
81,mmr_polbnda_adm3_250k_mimu_1.54,Bago (West),MMR111,Thayarwady,MMR008D002,Zigon,MMR008011,ဇီးကုန်း,18210,901,49678,2025-05-21 10:27:04.03221+00,2025-06-24 21:40:03.960375+00,{},33,27,932
82,mmr_polbnda_adm3_250k_mimu_1.55,Chin,MMR004,Falam,MMR004D001,Falam,MMR004001,ဖလမ်း,9626,98,27212,2025-05-21 10:27:04.03221+00,2025-06-24 21:40:03.960375+00,{},1,0,109
95,mmr_polbnda_adm3_250k_mimu_1.68,Kachin,MMR001,Mohnyin,MMR001D002,Hpakant,MMR001009,ဖားကန့်,36632,925,243742,2025-05-21 10:27:04.03221+00,2025-06-24 21:40:03.960375+00,{},100,84,950
99,mmr_polbnda_adm3_250k_mimu_1.72,Kachin,MMR001,Myitkyina,MMR001D001,Injangyang,MMR001003,အင်ဂျန်းယန်,285,8,1023,2025-05-21 10:27:04.03221+00,2025-06-24 21:40:03.960375+00,{},1,1,8
112,mmr_polbnda_adm3_250k_mimu_1.169,Rakhine,MMR012,Kyaukpyu,MMR012D003,Munaung,MMR012012,မာန်အောင်,14735,113,42041,2025-05-21 10:27:04.03221+00,2025-06-24 21:40:03.960375+00,"{'"red_flag'": '"true'", '"conflict_area'": '"true'"}",0,0,117
195,mmr_polbnda_adm3_250k_mimu_1.143,Mandalay,MMR010,Pyinoolwin,MMR010D002,Mogoke,MMR010011,မိုးကုတ်,35247,1608,108695,2025-05-21 10:27:04.03221+00,2025-06-24 21:40:03.960375+00,{},80,231,1675
196,mmr_polbnda_adm3_250k_mimu_1.144,Mandalay,MMR010,Pyinoolwin,MMR010D002,Pyinoolwin,MMR010008,ပြင်ဦးလွင်,53382,12183,175618,2025-05-21 10:27:04.03221+00,2025-06-24 21:40:03.960375+00,{},331,837,13185
253,mmr_polbnda_adm3_250k_mimu_1.233,Shan (North),MMR222,Hopang,MMR015D006,Pangwaun,MMR015007,ပန်ဝိုင်,13969,379,51200,2025-05-21 10:27:04.03221+00,2025-06-23 16:07:18.923592+00,{},0,0,
198,mmr_polbnda_adm3_250k_mimu_1.146,Mandalay,MMR010,Pyinoolwin,MMR010D002,Thabeikkyin,MMR010012,သပိတ်ကျင်း,33141,261,100556,2025-05-21 10:27:04.03221+00,2025-06-24 21:40:03.960375+00,{},13,13,278
241,mmr_polbnda_adm3_250k_mimu_1.208,Sagaing,MMR005,Sagaing,MMR005D001,Myinmu,MMR005002,မြင်းမူ,25304,585,77830,2025-05-21 10:27:04.03221+00,2025-06-24 21:40:03.960375+00,{},0,0,1091
249,mmr_polbnda_adm3_250k_mimu_1.222,Shan (East),MMR222,Kengtung,MMR016D001,Mongkhet,MMR016002,မိုင်းခတ်,8025,14,26357,2025-05-21 10:27:04.03221+00,2025-06-24 21:40:03.960375+00,{},2,0,15
307,mmr_polbnda_adm3_250k_mimu_1.302,Yangon,MMR013,Yangon (North),MMR013D001,Hlegu,MMR013004,လှည်းကူး,58023,14400,176524,2025-05-21 10:27:04.03221+00,2025-06-24 21:40:03.960375+00,{},241,488,15585
121,mmr_polbnda_adm3_250k_mimu_1.177,Rakhine,MMR012,Sittwe,MMR012D001,Pauktaw,MMR012007,ပေါက်တော,30544,151,84825,2025-05-21 10:27:04.03221+00,2025-06-24 21:40:03.960375+00,"{'"red_flag'": '"true'", '"conflict_area'": '"true'"}",1,0,156
15,mmr_polbnda_adm3_250k_mimu_1.15,Ayeyarwady,MMR017,Myaungmya,MMR017D003,Wakema,MMR017017,ဝါးခယ်မ,67448,2033,186132,2025-05-21 10:27:04.03221+00,2025-06-24 21:40:03.960375+00,{},87,16,2114
33,mmr_polbnda_adm3_250k_mimu_1.78,Kachin,MMR001,Puta-O,MMR001D004,Machanbaw,MMR001016,မချမ်းဘော,1719,10,4974,2025-05-21 10:27:04.03221+00,2025-06-24 21:40:03.960375+00,{},0,0,10
36,mmr_polbnda_adm3_250k_mimu_1.81,Kachin,MMR001,Puta-O,MMR001D004,Sumprabum,MMR001015,ဆွမ်ပရာဘွမ်,479,3,1449,2025-05-21 10:27:04.03221+00,2025-06-24 21:40:03.960375+00,{},0,0,5
49,mmr_polbnda_adm3_250k_mimu_1.327,Yangon,MMR013,Yangon (West),MMR013D004,Latha,MMR013036,လသာ,4473,10924,21021,2025-05-21 10:27:04.03221+00,2025-06-24 21:40:03.960375+00,{},97,488,11659
66,mmr_polbnda_adm3_250k_mimu_1.44,Bago (West),MMR111,Pyay,MMR008D001,Pyay,MMR008001,ပြည်,58557,9945,185926,2025-05-21 10:27:04.03221+00,2025-06-24 21:40:03.960375+00,{},442,438,10706
68,mmr_polbnda_adm3_250k_mimu_1.126,Mandalay,MMR010,Mandalay,MMR010D001,Aungmyaythazan,MMR010001,အောင်မြေသာစံ,49731,26974,192348,2025-05-21 10:27:04.03221+00,2025-06-24 21:40:03.960375+00,{},604,2450,29154
101,mmr_polbnda_adm3_250k_mimu_1.74,Kachin,MMR001,Myitkyina,MMR001D001,Tanai,MMR001004,တနိုင်း,8528,45,37412,2025-05-21 10:27:04.03221+00,2025-06-24 21:40:03.960375+00,{},1,0,47
108,mmr_polbnda_adm3_250k_mimu_1.165,Nay Pyi Taw,MMR018,Oke Ta Ra,MMR018D001,Tatkon,MMR018003,တပ်ကုန်း,51747,7144,145731,2025-05-21 10:27:04.03221+00,2025-06-24 21:40:03.960375+00,{},243,148,7664
132,mmr_polbnda_adm3_250k_mimu_1.100,Magway,MMR009,Magway,MMR009D001,Magway,MMR009001,မကွေး,68677,14815,200245,2025-05-21 10:27:04.03221+00,2025-06-24 21:40:03.960375+00,{},352,791,15984
133,mmr_polbnda_adm3_250k_mimu_1.101,Magway,MMR009,Magway,MMR009D001,Myothit,MMR009005,မြို့သစ်,36948,1329,102227,2025-05-21 10:27:04.03221+00,2025-06-24 21:40:03.960375+00,{},11,0,1478
137,mmr_polbnda_adm3_250k_mimu_1.214,Sagaing,MMR005,Shwebo,MMR005D002,Wetlet,MMR005006,ဝက်လက်,46712,417,139404,2025-05-21 10:27:04.03221+00,2025-06-24 21:40:03.960375+00,{},13,10,437
162,mmr_polbnda_adm3_250k_mimu_1.120,Magway,MMR009,Thayet,MMR009D003,Thayet,MMR009012,သရက်,25972,1024,76166,2025-05-21 10:27:04.03221+00,2025-06-24 21:40:03.960375+00,{},84,4,1107
268,mmr_polbnda_adm3_250k_mimu_1.260,Shan (South),MMR222,Langkho,MMR014D003,Mongpan,MMR014021,မိုင်းပန်,5421,28,17792,2025-05-21 10:27:04.03221+00,2025-06-24 21:40:03.960375+00,{},0,0,31
295,mmr_polbnda_adm3_250k_mimu_1.291,Yangon,MMR013,Yangon (East),MMR013D002,Dawbon,MMR013014,ဒေါပုံ,14409,22854,53564,2025-05-21 10:27:04.03221+00,2025-06-24 21:40:03.960375+00,{},263,520,24101
37,mmr_polbnda_adm3_250k_mimu_1.324,Yangon,MMR013,Yangon (West),MMR013D004,Kyauktada,MMR013033,ကျောက်တံတား,6120,11923,24060,2025-05-21 10:27:04.03221+00,2025-06-24 21:40:03.960375+00,{},169,501,12245
59,mmr_polbnda_adm3_250k_mimu_1.43,Bago (West),MMR111,Pyay,MMR008D001,Paungde,MMR008004,ပေါင်းတည်,36700,1355,101590,2025-05-21 10:27:04.03221+00,2025-06-24 21:40:03.960375+00,{},9,59,1426
143,mmr_polbnda_adm3_250k_mimu_1.105,Magway,MMR009,Minbu,MMR009D002,Minbu,MMR009007,မင်းဘူး,43817,1469,128939,2025-05-21 10:27:04.03221+00,2025-06-24 21:40:03.960375+00,{},69,13,1573
169,mmr_polbnda_adm3_250k_mimu_1.128,Mandalay,MMR010,Mandalay,MMR010D001,Chanmyathazi,MMR010004,ချမ်းမြသာစည်,53047,22495,199153,2025-05-21 10:27:04.03221+00,2025-06-24 21:40:03.960375+00,{},531,2250,24449
75,mmr_polbnda_adm3_250k_mimu_1.51,Bago (West),MMR111,Thayarwady,MMR008D002,Nattalin,MMR008012,နတ်တလင်း,45769,3962,126123,2025-05-21 10:27:04.03221+00,2025-06-24 21:40:03.960375+00,{},180,175,4111
40,mmr_polbnda_adm3_250k_mimu_1.33,Bago (East),MMR111,Bago,MMR007D001,Thanatpin,MMR007002,သနပ်ပင်,32527,1579,85859,2025-05-21 10:27:04.03221+00,2025-06-24 21:40:03.960375+00,{},16,60,1732
47,mmr_polbnda_adm3_250k_mimu_1.96,Magway,MMR009,Gangaw,MMR009D005,Gangaw,MMR009023,ဂန့်ဂေါ,29912,404,92060,2025-05-21 10:27:04.03221+00,2025-06-24 21:40:03.960375+00,{},0,3,437
179,mmr_polbnda_adm3_250k_mimu_1.251,Shan (North),MMR222,Muse,MMR015D002,Muse,MMR015009,မူဆယ်,32758,2180,114222,2025-05-21 10:27:04.03221+00,2025-06-24 21:40:03.960375+00,{},151,170,2273
181,mmr_polbnda_adm3_250k_mimu_1.253,Shan (North),MMR222,Pa Laung Self-Administered Zone,MMR015D003,Manton,MMR015019,မန်တုံ,7683,15,21892,2025-05-21 10:27:04.03221+00,2025-06-24 21:40:03.960375+00,{},0,0,18
208,mmr_polbnda_adm3_250k_mimu_1.162,Nay Pyi Taw,MMR018,Det Khi Na,MMR018D002,Za Bu Thi Ri,MMR018002,ဇမ္ဗူသီရိ,26320,5,83443,2025-05-21 10:27:04.03221+00,2025-06-24 21:40:03.960375+00,{},284,342,136
258,mmr_polbnda_adm3_250k_mimu_1.238,Shan (North),MMR222,Kyaukme,MMR015D003,Namtu,MMR015015,နမ္မတူ,11641,63,31254,2025-05-21 10:27:04.03221+00,2025-06-24 21:40:03.960375+00,{},0,1,68
28,mmr_polbnda_adm3_250k_mimu_1.28,Bago (East),MMR111,Bago,MMR007D001,Daik-U,MMR007007,ဒိုက်ဦး,45753,5733,127555,2025-05-21 10:27:04.03221+00,2025-06-24 21:40:03.960375+00,{},129,128,6176
41,mmr_polbnda_adm3_250k_mimu_1.91,Kayin,MMR003,Hpa-An,MMR003D001,Thandaunggyi,MMR003004,သံတောင်ကြီး,19140,119,54156,2025-05-21 10:27:04.03221+00,2025-06-24 21:40:03.960375+00,{},2,3,123
55,mmr_polbnda_adm3_250k_mimu_1.39,Bago (East),MMR111,Taungoo,MMR007D002,Taungoo,MMR007009,တောင်ငူ,57460,13994,174376,2025-05-21 10:27:04.03221+00,2025-06-24 21:40:03.960375+00,{},417,589,14574
80,mmr_polbnda_adm3_250k_mimu_1.152,Mon,MMR011,Mawlamyine,MMR011D001,Mudon,MMR011005,မုဒုံ,39312,4725,127501,2025-05-21 10:27:04.03221+00,2025-06-24 21:40:03.960375+00,{},204,618,4954
122,mmr_polbnda_adm3_250k_mimu_1.178,Rakhine,MMR012,Sittwe,MMR012D001,Ponnagyun,MMR012002,ပုဏ္ဏားကျွန်း,25335,124,78195,2025-05-21 10:27:04.03221+00,2025-06-24 21:40:03.960375+00,{},0,0,128
197,mmr_polbnda_adm3_250k_mimu_1.145,Mandalay,MMR010,Pyinoolwin,MMR010D002,Singu,MMR010010,စဉ့်ကူး,34533,255,102847,2025-05-21 10:27:04.03221+00,2025-06-24 21:40:03.960375+00,{},0,2,274
254,mmr_polbnda_adm3_250k_mimu_1.234,Shan (North),MMR222,Kokang Self-Administered Zone,MMR015D005,Konkyan,MMR015023,ကုန်းကြမ်း,9665,4,33999,2025-05-21 10:27:04.03221+00,2025-06-24 21:40:03.960375+00,{},0,0,4
257,mmr_polbnda_adm3_250k_mimu_1.237,Shan (North),MMR222,Kyaukme,MMR015D003,Kyaukme,MMR015012,ကျောက်မဲ,38256,1301,110535,2025-05-21 10:27:04.03221+00,2025-06-24 21:40:03.960375+00,{},92,371,1338
260,mmr_polbnda_adm3_250k_mimu_1.240,Shan (North),MMR222,Lashio,MMR015D001,Hseni,MMR015002,သိန္နီ,11779,86,35312,2025-05-21 10:27:04.03221+00,2025-06-24 21:40:03.960375+00,{},0,0,93
279,mmr_polbnda_adm3_250k_mimu_1.271,Shan (South),MMR222,Taunggyi,MMR014D001,Kalaw,MMR014005,ကလော,41341,1352,119838,2025-05-21 10:27:04.03221+00,2025-06-24 21:40:03.960375+00,{},150,218,1434
65,mmr_polbnda_adm3_250k_mimu_1.329,Yangon,MMR013,Yangon (West),MMR013D004,Pabedan,MMR013034,ပန်းဘဲတန်း,6563,5308,25583,2025-05-21 10:27:04.03221+00,2025-06-24 21:40:03.960375+00,{},189,1052,5492
91,mmr_polbnda_adm3_250k_mimu_1.64,Kachin,MMR001,Bhamo,MMR001D003,Bhamo,MMR001010,ဗန်းမော်,24161,476,86437,2025-05-21 10:27:04.03221+00,2025-06-24 21:40:03.960375+00,{},18,22,516
212,mmr_polbnda_adm3_250k_mimu_1.181,Rakhine,MMR012,Thandwe,MMR012D004,Gwa,MMR012017,ဂွ,17326,379,47296,2025-05-21 10:27:04.03221+00,2025-06-24 21:40:03.960375+00,{},20,1,394
11,mmr_polbnda_adm3_250k_mimu_1.11,Ayeyarwady,MMR017,Maubin,MMR017D005,Nyaungdon,MMR017021,ညောင်တုန်း,51201,2734,141891,2025-05-21 10:27:04.03221+00,2025-06-24 21:40:03.960375+00,{},89,43,2789
326,mmr_polbnda_adm3_250k_mimu_1.323,Yangon,MMR013,Yangon (West),MMR013D004,Kamaryut,MMR013041,ကမာရွတ်,16299,27707,67712,2025-05-21 10:27:04.03221+00,2025-06-24 21:40:03.960375+00,{},274,1016,29413
5,mmr_polbnda_adm3_250k_mimu_1.5,Ayeyarwady,MMR017,Hinthada,MMR017D002,Myanaung,MMR017011,မြန်အောင်,59920,6182,152521,2025-05-21 10:27:04.03221+00,2025-06-24 21:40:03.960375+00,{},184,344,6426
10,mmr_polbnda_adm3_250k_mimu_1.10,Ayeyarwady,MMR017,Maubin,MMR017D005,Maubin,MMR017019,မအူပင်,71804,9759,200223,2025-05-21 10:27:04.03221+00,2025-06-24 21:40:03.960375+00,{},255,471,9955
138,mmr_polbnda_adm3_250k_mimu_1.215,Sagaing,MMR005,Shwebo,MMR005D002,Ye-U,MMR005009,ရေဦး,26373,356,77973,2025-05-21 10:27:04.03221+00,2025-06-24 21:40:03.960375+00,{},0,2,370
184,mmr_polbnda_adm3_250k_mimu_1.134,Mandalay,MMR010,Meiktila,MMR010D007,Thazi,MMR010030,သာစည်,44892,2816,134028,2025-05-21 10:27:04.03221+00,2025-06-24 21:40:03.960375+00,{},114,47,3003
194,mmr_polbnda_adm3_250k_mimu_1.142,Mandalay,MMR010,Pyinoolwin,MMR010D002,Madaya,MMR010009,မတ္တရာ,58645,1215,169407,2025-05-21 10:27:04.03221+00,2025-06-24 21:40:03.960375+00,{},32,63,1295
248,mmr_polbnda_adm3_250k_mimu_1.221,Shan (East),MMR222,Kengtung,MMR016D001,Kengtung,MMR016001,ကျိုင်းတုံ,34096,505,107233,2025-05-21 10:27:04.03221+00,2025-06-24 21:40:03.960375+00,{},112,0,533
265,mmr_polbnda_adm3_250k_mimu_1.257,Shan (South),MMR222,Langkho,MMR014D003,Langkho,MMR014018,လင်းခေး,9548,120,28977,2025-05-21 10:27:04.03221+00,2025-06-24 21:40:03.960375+00,{},34,0,135
288,mmr_polbnda_adm3_250k_mimu_1.280,Tanintharyi,MMR006,Kawthoung,MMR006D003,Bokpyin,MMR006010,ဘုတ်ပြင်း,15742,71,47311,2025-05-21 10:27:04.03221+00,2025-06-24 21:40:03.960375+00,{},3,2,76
20,mmr_polbnda_adm3_250k_mimu_1.20,Ayeyarwady,MMR017,Pathein,MMR017D001,Pathein,MMR017001,ပုသိမ်,85687,21690,262859,2025-05-21 10:27:04.03221+00,2025-06-24 21:40:03.960375+00,{},626,1346,22150
22,mmr_polbnda_adm3_250k_mimu_1.22,Ayeyarwady,MMR017,Pathein,MMR017D001,Yegyi,MMR017006,ရေကြည်,50715,6826,131374,2025-05-21 10:27:04.03221+00,2025-06-24 21:40:03.960375+00,{},231,329,6985
140,mmr_polbnda_adm3_250k_mimu_1.217,Sagaing,MMR005,Yinmarbin,MMR005D009,Kani,MMR005017,ကနီ,29223,371,87717,2025-05-21 10:27:04.03221+00,2025-06-24 21:40:03.960375+00,{},0,0,387
243,mmr_polbnda_adm3_250k_mimu_1.210,Sagaing,MMR005,Shwebo,MMR005D002,Khin-U,MMR005005,ခင်ဦး,32624,403,100415,2025-05-21 10:27:04.03221+00,2025-06-24 21:40:03.960375+00,{},0,0,432
291,mmr_polbnda_adm3_250k_mimu_1.283,Tanintharyi,MMR006,Myeik,MMR006D002,Myeik,MMR006005,မြိတ်,54349,9156,178060,2025-05-21 10:27:04.03221+00,2025-06-24 21:40:03.960375+00,{},447,942,9657
300,mmr_polbnda_adm3_250k_mimu_1.314,Yangon,MMR013,Yangon (South),MMR013D003,Kyauktan,MMR013024,ကျောက်တန်း,42469,12878,115909,2025-05-21 10:27:04.03221+00,2025-06-24 21:40:03.960375+00,{},184,430,13762
2,mmr_polbnda_adm3_250k_mimu_1.2,Ayeyarwady,MMR017,Hinthada,MMR017D002,Ingapu,MMR017013,အင်္ဂပူ,57229,1637,147026,2025-05-21 10:27:04.03221+00,2025-06-24 21:40:03.960375+00,{},54,18,1737
4,mmr_polbnda_adm3_250k_mimu_1.4,Ayeyarwady,MMR017,Hinthada,MMR017D002,Lemyethna,MMR017010,လေးမျက်နှာ,26244,1344,68918,2025-05-21 10:27:04.03221+00,2025-06-24 21:40:03.960375+00,{},41,44,1398
14,mmr_polbnda_adm3_250k_mimu_1.14,Ayeyarwady,MMR017,Myaungmya,MMR017D003,Myaungmya,MMR017014,မြောင်းမြ,66172,5648,190719,2025-05-21 10:27:04.03221+00,2025-06-24 21:40:03.960375+00,{},211,486,6983
77,mmr_polbnda_adm3_250k_mimu_1.53,Bago (West),MMR111,Thayarwady,MMR008D002,Thayarwady,MMR008007,သာယာဝတီ,36626,1268,100177,2025-05-21 10:27:04.03221+00,2025-06-24 21:40:03.960375+00,{},58,18,1325
90,mmr_polbnda_adm3_250k_mimu_1.63,Chin,MMR004,Mindat,MMR004D002,Mindat,MMR004006,မင်းတပ်,8522,222,21894,2025-05-21 10:27:04.03221+00,2025-06-24 21:40:03.960375+00,{},0,0,271
114,mmr_polbnda_adm3_250k_mimu_1.171,Rakhine,MMR012,Maungdaw,MMR012D002,Buthidaung,MMR012010,ဘူးသီးတောင်,11264,97,33133,2025-05-21 10:27:04.03221+00,2025-06-24 21:40:03.960375+00,{},28,0,104
129,mmr_polbnda_adm3_250k_mimu_1.90,Kayin,MMR003,Hpa-An,MMR003D001,Hpa-An,MMR003001,ဘားအံ,89197,4770,252095,2025-05-21 10:27:04.03221+00,2025-06-24 21:40:03.960375+00,{},193,582,4932
152,mmr_polbnda_adm3_250k_mimu_1.115,Magway,MMR009,Thayet,MMR009D003,Aunglan,MMR009016,အောင်လံ,57609,7091,163412,2025-05-21 10:27:04.03221+00,2025-06-24 21:40:03.960375+00,{},176,445,7621
202,mmr_polbnda_adm3_250k_mimu_1.156,Mon,MMR011,Thaton,MMR011D002,Kyaikto,MMR011009,ကျိုက်ထို,38088,4071,114253,2025-05-21 10:27:04.03221+00,2025-06-24 21:40:03.960375+00,{},319,653,4162
219,mmr_polbnda_adm3_250k_mimu_1.188,Sagaing,MMR005,Kale,MMR005D005,Mingin,MMR005029,မင်းကင်း,22058,232,67025,2025-05-21 10:27:04.03221+00,2025-06-24 21:40:03.960375+00,{},0,0,243
321,mmr_polbnda_adm3_250k_mimu_1.318,Yangon,MMR013,Yangon (South),MMR013D003,Twantay,MMR013027,တွံတေး,51602,5975,145518,2025-05-21 10:27:04.03221+00,2025-06-24 21:40:03.960375+00,{},170,79,6282
301,mmr_polbnda_adm3_250k_mimu_1.295,Yangon,MMR013,Yangon (East),MMR013D002,South Okkalapa,MMR013011,တောင်ဥက္ကလာပ,32725,9257,123072,2025-05-21 10:27:04.03221+00,2025-06-24 21:40:03.960375+00,{},444,1266,9164
304,mmr_polbnda_adm3_250k_mimu_1.298,Yangon,MMR013,Yangon (East),MMR013D002,Thingangyun,MMR013009,သင်္ဃန်းကျွန်း,43320,37737,155572,2025-05-21 10:27:04.03221+00,2025-06-24 21:40:03.960375+00,{},554,1650,39100
308,mmr_polbnda_adm3_250k_mimu_1.303,Yangon,MMR013,Yangon (North),MMR013D001,Hmawbi,MMR013003,မှော်ဘီ,56469,29485,164246,2025-05-21 10:27:04.03221+00,2025-06-24 21:40:03.960375+00,{},268,347,31510
318,mmr_polbnda_adm3_250k_mimu_1.315,Yangon,MMR013,Yangon (South),MMR013D003,Seikgyikanaungto,MMR013031,ဆိပ်ကြီး/ခနောင်တို,7729,3515,22025,2025-05-21 10:27:04.03221+00,2025-06-24 21:40:03.960375+00,{},26,63,3730
320,mmr_polbnda_adm3_250k_mimu_1.317,Yangon,MMR013,Yangon (South),MMR013D003,Thongwa,MMR013025,သုံးခွ,40087,4203,106416,2025-05-21 10:27:04.03221+00,2025-06-24 21:40:03.960375+00,{},65,55,4392
42,mmr_polbnda_adm3_250k_mimu_1.92,Kayin,MMR003,Hpapun,MMR003D004,Hpapun,MMR003003,ဖာပွန်,6502,120,20085,2025-05-21 10:27:04.03221+00,2025-06-24 21:40:03.960375+00,{},1,3,131
45,mmr_polbnda_adm3_250k_mimu_1.94,Kayin,MMR003,Kawkareik,MMR003D003,Kyainseikgyi,MMR003007,ကြာအင်းဆိပ်ကြီး,50568,172,147450,2025-05-21 10:27:04.03221+00,2025-06-24 21:40:03.960375+00,{},0,0,192
131,mmr_polbnda_adm3_250k_mimu_1.99,Magway,MMR009,Magway,MMR009D001,Chauk,MMR009003,ချောက်,44618,6997,126691,2025-05-21 10:27:04.03221+00,2025-06-24 21:40:03.960375+00,{},370,484,7314
151,mmr_polbnda_adm3_250k_mimu_1.114,Magway,MMR009,Pakokku,MMR009D004,Yesagyo,MMR009019,ရေစကြို,47332,5214,145178,2025-05-21 10:27:04.03221+00,2025-06-24 21:40:03.960375+00,{},235,577,5646
166,mmr_polbnda_adm3_250k_mimu_1.123,Mandalay,MMR010,Kyaukse,MMR010D003,Sintgaing,MMR010014,စဉ့်ကိုင်,33579,2350,104354,2025-05-21 10:27:04.03221+00,2025-06-24 21:40:03.960375+00,{},55,67,2655
239,mmr_polbnda_adm3_250k_mimu_1.206,Sagaing,MMR005,Naga Self-Administered Zone,MMR005D008,Nanyun,MMR005037,နန်းယွန်း,7840,5,27470,2025-05-21 10:27:04.03221+00,2025-06-24 21:40:03.960375+00,{},0,0,8
244,mmr_polbnda_adm3_250k_mimu_1.211,Sagaing,MMR005,Shwebo,MMR005D002,Shwebo,MMR005004,ရွှေဘို,57297,3987,187796,2025-05-21 10:27:04.03221+00,2025-06-24 21:40:03.960375+00,{},121,269,4097
329,mmr_polbnda_adm3_250k_mimu_1.326,Yangon,MMR013,Yangon (West),MMR013D004,Lanmadaw,MMR013035,လမ်းမတော်,8599,11271,39083,2025-05-21 10:27:04.03221+00,2025-06-24 21:40:03.960375+00,{},181,581,11653
158,mmr_polbnda_adm3_250k_mimu_1.232,Shan (North),MMR222,Hopang,MMR015D006,Mongmao,MMR015008,မိုင်းမော,10445,,38389,2025-05-21 10:27:04.03221+00,2025-06-24 21:40:03.960375+00,{},1,1,0
174,mmr_polbnda_adm3_250k_mimu_1.247,Shan (North),MMR222,Matman,MMR015D007,Pangsang,MMR015005,ပန်ဆန်း,16457,,61427,2025-05-21 10:27:04.03221+00,2025-06-24 21:40:03.960375+00,{},3,1,0
